galeria,archivo,titulo,lugar,fecha,relato
nocturna,Caseron-de-los-disparos.jpg,Caseron de los disparos,,,
nocturna,El Abrazo.jpg,El Abrazo,,,
nocturna,El-Molino.jpg,El Molino,,,
nocturna,El-Monje.jpg,El Monje,,,
nocturna,Ermita Buendia.jpg,Ermita Buendia,,,
nocturna,Ermita Colmenarejo.jpg,Ermita Colmenarejo,,,
nocturna,Ermita Desagravio.jpg,Ermita Desagravio,,,
nocturna,Ermita Estrella.jpg,Ermita Estrella,,,
nocturna,Ermita S. Agustin.jpg,Ermita S. Agustin,,,
nocturna,Ermita S. Ana.jpg,Ermita S. Ana,,,
nocturna,Ermita S. Antonio.jpg,Ermita S. Antonio,,,
nocturna,Ermita Segoviana.jpg,Ermita Segoviana,,,
nocturna,Ermita Verde.jpg,Ermita Verde,,,
nocturna,Ermita-de-Valdecarabanos.jpg,Ermita de Valdecarabanos,,,
nocturna,Ermita-del-Buen-Aire.jpg,Ermita del Buen Aire,,,
nocturna,HORNOS.jpg,HORNOS,,,
nocturna,Iglesia Tumbas.jpg,Iglesia Tumbas,,,
nocturna,Iglesia Vergalijo.jpg,Iglesia Vergalijo,,,
nocturna,Iglesia de los Canes.jpg,Iglesia de los Canes,,,
nocturna,Iglesia-Manchega.jpg,Iglesia Manchega,,,
nocturna,LOYOLA REFLEJOS.jpg,LOYOLA REFLEJOS,,,
nocturna,La Gramedosa.jpg,La Gramedosa,,,
nocturna,Lavanda Arco Ruinas.jpg,Lavanda Arco Ruinas,,,
nocturna,MIrador de la Gitana.jpg,MIrador de la Gitana,,,
nocturna,MIrador-de-los-Robledos.jpg,MIrador de los Robledos,,,
nocturna,Memorial.jpg,Memorial,,,
nocturna,Noche-entre-Alacranes.jpg,Noche entre Alacranes,,,
nocturna,Piramide-de-los-Italianos.jpg,Piramide de los Italianos,,,
nocturna,Puente Viejo.jpg,Puente Viejo,,,
nocturna,Puerto-del- Pico.jpg,Puerto del Pico,,,
nocturna,RIOSECO.jpg,RIOSECO,,,
nocturna,Rayos Mundaka.jpg,Rayos Mundaka,,,
nocturna,San Illan.jpg,San Illan,,,
nocturna,San Isidro.jpg,San Isidro,,,
nocturna,Sorguinetxe.jpg,Sorguinetxe,,,
nocturna,Speed copia.jpg,Speed,,,
nocturna,Toledo Luna.jpg,Toledo Luna,,,
nocturna,Torreon de los Viñedos.jpg,Torreon de los Viñedos,,,
paisaje,Alcazar Toledo Niebla.jpg,Alcazar Toledo Niebla,,,
paisaje,Almudena.jpg,Almudena,,,
paisaje,Atienza.jpg,Atienza,,,
paisaje,Barrancas Burujon.jpg,Barrancas Burujon,,,
paisaje,Barrika.jpg,Barrika,,,
paisaje,Bosque Encantado.jpg,Bosque Encantado,,,
paisaje,Cola De Dragón II.jpg,Cola De Dragón II,,,
paisaje,Cola de dragon.jpg,Cola de dragon,,,
paisaje,Cuento Segoviano.jpg,Cuento Segoviano,,,
paisaje,Dragón copia.jpg,Dragón,,,
paisaje,EL ATAZAR.jpg,EL ATAZAR,,,
paisaje,Gaztelugatxe Tormenta.jpg,Gaztelugatxe Tormenta,,,
paisaje,Gorrondatxe Ocaso.jpg,Gorrondatxe Ocaso,,,
paisaje,LOZOYA.jpg,LOZOYA,,,
paisaje,Lavanda Ocaso.jpg,Lavanda Ocaso,,,
paisaje,Madrid.jpg,Madrid,,,
paisaje,Meñakoz.jpg,Meñakoz,,,
paisaje,Molinos.jpg,Molinos,,,
paisaje,Nervión V copia.jpg,Nervión V,,,
paisaje,Nieblas Toledo.jpg,Nieblas Toledo,,,
paisaje,Otzarreta.jpg,Otzarreta,,,
paisaje,Pagoda.jpg,Pagoda,,,
paisaje,Pano Toledo Niebla.jpg,Pano Toledo Niebla,,,
paisaje,Panorama Hoces.jpg,Panorama Hoces,,,
paisaje,Puente de frias.jpg,Puente de frias,,,
paisaje,San Juan de Gaztelugatxe.jpg,San Juan de Gaztelugatxe,,,
paisaje,Sunset.jpg,Sunset,,,
paisaje,TOLEDO NIEBLA II.jpg,TOLEDO NIEBLA II,,,
paisaje,Trenes.jpg,Trenes,,,
vehiculos,2 CV Chumbero.jpg,2 CV Chumbero,,,
vehiculos,600 Azul.jpg,600 Azul,,,
vehiculos,Autos Locos.jpg,Autos Locos,,,
vehiculos,Camion.jpg,Camion,,,
vehiculos,Chrysler Red.jpg,Chrysler Red,,,
vehiculos,Cirila Toledana.jpg,Cirila Toledana,,,
vehiculos,Citroen.jpg,Citroen,,,
vehiculos,Clásico Palmero.jpg,Clásico Palmero,,,
vehiculos,Cuentame.jpg,Cuentame,,,
vehiculos,Dogge.jpg,Dogge,,,
vehiculos,Dyane 6.jpg,Dyane 6,,,
vehiculos,El Ebro de Maxi.jpg,El Ebro de Maxi,,,
vehiculos,El Tuerto.jpg,El Tuerto,,,
vehiculos,En Marcha.jpg,En Marcha,,,
vehiculos,Entre Vacas.jpg,Entre Vacas,,,
vehiculos,Ford Capri.jpg,Ford Capri,,,
vehiculos,Ford Granada.jpg,Ford Granada,,,
vehiculos,Furgoneta Verde.jpg,Furgoneta Verde,,,
vehiculos,Land Rover Vasco.jpg,Land Rover Vasco,,,
vehiculos,MAN.jpg,MAN,,,
vehiculos,Morris.jpg,Morris,,,
vehiculos,No es Pais para Viejos.jpg,No es Pais para Viejos,,,
vehiculos,Ojos Saltones.jpg,Ojos Saltones,,,
vehiculos,Pelotilla II.jpg,Pelotilla II,,,
vehiculos,Pelotilla.jpg,Pelotilla,,,
vehiculos,R9.jpg,R9,,,
vehiculos,Red Car.jpg,Red Car,,,
vehiculos,Ruso Rojo.jpg,Ruso Rojo,,,
vehiculos,Seat 1400.jpg,Seat 1400,,,
vehiculos,Seat de Manolo.jpg,Seat de Manolo,,,
vehiculos,Suzuki.jpg,Suzuki,,,
vehiculos,TANQUE.jpg,TANQUE,,,
vehiculos,Tractor Azul .jpg,Tractor Azul,,,
vehiculos,Tractor Manchego.jpg,Tractor Manchego,,,
vehiculos,Tractor Verde.jpg,Tractor Verde,,,
vehiculos,Tractor de los Ajos.jpg,Tractor de los Ajos,,,
vehiculos,Tractor.jpg,Tractor,,,
vehiculos,Vallisoletana.jpg,Vallisoletana,,,
vehiculos,Willy.jpg,Willy,,,
vehiculos,upscalemedia-transformed copia.jpg,upscalemedia transformed,,,
